hostname,ip,rdns
db5.service.test,N/A,N/A
admin5.service.test,192.0.89.81,host-690.service.test
git51.service.test,192.0.35.11,host-158.service.test
db21.demo.local,192.0.251.40,host-208.demo.local
admin38.corp.example,N/A,N/A
db42.lab.internal,192.0.26.236,host-416.lab.internal
git20.corp.example,N/A,N/A
admin72.lab.internal,N/A,N/A
portal44.service.test,192.0.37.112,host-299.service.test
admin33.demo.local,N/A,N/A
db89.service.test,192.0.196.246,host-804.service.test
panel12.lab.internal,N/A,N/A
portal64.demo.local,192.0.108.132,host-965.demo.local
api6.lab.internal,N/A,N/A
api22.service.test,192.0.209.216,host-844.service.test
panel36.service.test,N/A,N/A
git8.service.test,N/A,N/A
admin16.corp.example,N/A,N/A
portal75.lab.internal,192.0.213.83,host-791.lab.internal
admin93.corp.example,192.0.186.153,host-265.corp.example
api10.service.test,N/A,N/A
git19.corp.example,N/A,N/A
db34.lab.internal,N/A,N/A
panel14.service.test,N/A,N/A
portal27.service.test,N/A,N/A
api15.lab.internal,N/A,N/A
panel39.service.test,N/A,N/A
db54.lab.internal,N/A,N/A
db79.demo.local,192.0.20.214,host-535.demo.local
db49.lab.internal,192.0.95.242,host-439.lab.internal
